/*
SQLyog Job Agent v11.11 (64 bit) Copyright(c) Webyog Inc. All Rights Reserved.

MySQL - 5.5.38  
*********************************************************************
*/
/*!40014 SET @OLD_UNIQUE_CHECKS=@@UNIQUE_CHECKS, UNIQUE_CHECKS=0 */;
/*!40014 SET @OLD_FOREIGN_KEY_CHECKS=@@FOREIGN_KEY_CHECKS, FOREIGN_KEY_CHECKS=0 */;
/*!40101 SET @OLD_SQL_MODE=@@SQL_MODE, SQL_MODE='NO_AUTO_VALUE_ON_ZERO' */;
/*!40111 SET @OLD_SQL_NOTES=@@SQL_NOTES, SQL_NOTES=0 */;

/* SYNC DB : sq_gladtao */ 
SET AUTOCOMMIT = 0;
/* SYNC TABLE : `AdviserItems` */

/* SYNC TABLE : `BrandItems` */

/* SYNC TABLE : `BulletinItems` */

/* SYNC TABLE : `CartItems` */

/* SYNC TABLE : `CategoryItems` */

insert into `sq_gladtao`.`CategoryItems`(`CategoryID`, `CategoryName`, `Description`, `ParentCategoryID`) values ('1', '水果', '水果类别', NULL),('2', '水果', '高档水果', '1');
/* SYNC TABLE : `FavoriteItems` */

/* SYNC TABLE : `InStockItems` */

/* SYNC TABLE : `OrderDetailItems` */

insert into `sq_gladtao`.`OrderDetailItems`(`OrderID`, `ProductID`, `Amount`, `UnitPrice`, `Remark`) values ('1', '6', '2.00', '28.00', NULL),('2', '2', '1.00', '10.00', NULL),('2', '3', '1.00', '30.00', NULL),('3', '1', '2.00', '12.00', NULL),('4', '2', '1.00', '10.00', NULL),('4', '3', '1.00', '30.00', NULL),('4', '4', '1.00', '40.00', NULL),('5', '1', '1.00', '12.00', NULL),('5', '2', '1.00', '10.00', NULL),('6', '2', '5.00', '10.00', NULL),('6', '4', '1.00', '40.00', NULL),('6', '7', '1.00', '38.00', NULL),('7', '7', '1.00', '38.00', NULL),('8', '1', '1.00', '12.00', NULL),('8', '4', '1.00', '40.00', NULL),('9', '1', '1.00', '12.00', NULL),('9', '4', '1.00', '40.00', NULL),('10', '1', '1.00', '12.00', NULL),('10', '4', '1.20', '40.00', NULL),('11', '1', '4.00', '12.00', NULL),('11', '2', '4.00', '10.00', NULL),('12', '1', '301.00', '0.00', NULL),('12', '2', '1280.00', '10.00', NULL),('12', '4', '10.00', '40.00', NULL),('12', '6', '196.00', '28.00', NULL),('12', '7', '200.00', '38.00', NULL),('12', '8', '10.00', '158.00', NULL),('13', '15', '1.00', '150.00', NULL),('14', '15', '1.00', '150.00', NULL),('15', '15', '1.00', '150.00', NULL),('16', '16', '1.00', '198.00', NULL),('17', '16', '1.00', '198.00', NULL),('18', '16', '1.00', '198.00', NULL),('19', '15', '1.00', '180.00', NULL),('20', '15', '1.00', '180.00', NULL),('21', '16', '1.00', '198.00', NULL),('22', '16', '1.00', '198.00', NULL),('23', '2', '16.00', '10.00', NULL),('23', '4', '1.40', '40.00', NULL),('23', '6', '2.00', '28.00', NULL),('23', '7', '1.00', '38.00', NULL),('24', '2', '5.00', '10.00', NULL),('24', '6', '1.00', '28.00', NULL),('24', '9', '2.00', '22.00', NULL),('24', '10', '2.00', '30.00', NULL),('24', '11', '5.00', '12.00', NULL),('25', '2', '16.00', '10.00', NULL),('25', '4', '1.40', '40.00', NULL),('25', '6', '2.00', '28.00', NULL),('25', '7', '1.00', '38.00', NULL),('26', '2', '12.00', '10.00', NULL),('26', '9', '3.00', '22.00', NULL),('26', '11', '4.00', '12.00', NULL),('26', '12', '6.00', '6.00', NULL),('27', '2', '12.00', '10.00', NULL),('27', '9', '3.00', '22.00', NULL),('27', '11', '4.00', '12.00', NULL),('27', '12', '6.00', '6.00', NULL),('28', '9', '2.60', '18.00', NULL),('28', '12', '10.00', '6.00', NULL),('29', '10', '2.00', '30.00', NULL),('30', '9', '1.60', '18.00', NULL),('30', '10', '1.00', '30.00', NULL),('31', '6', '1.00', '28.00', NULL),('31', '11', '1.00', '12.00', NULL),('32', '2', '6.00', '10.00', NULL),('32', '10', '6.00', '30.00', NULL),('33', '2', '6.00', '10.00', NULL),('33', '10', '6.00', '30.00', NULL),('34', '9', '4.60', '18.00', NULL),('34', '12', '2.00', '6.00', NULL),('35', '10', '1.00', '30.00', NULL),('36', '10', '1.60', '25.00', NULL),('37', '10', '3.20', '25.00', NULL),('37', '11', '6.00', '12.00', NULL),('38', '10', '2.20', '25.00', NULL),('38', '11', '5.00', '10.00', NULL),('39', '8', '1.00', '158.00', NULL),('40', '9', '1.20', '15.00', NULL),('40', '11', '5.00', '10.00', NULL),('40', '12', '6.00', '6.00', NULL),('41', '6', '2.00', '25.00', NULL),('41', '11', '6.00', '10.00', NULL),('41', '12', '6.00', '6.00', NULL),('42', '9', '2.00', '15.00', NULL),('42', '12', '1.00', '6.00', NULL),('43', '9', '2.40', '15.00', NULL),('43', '12', '20.00', '5.00', NULL),('44', '9', '2.40', '15.00', NULL),('44', '12', '20.00', '5.00', NULL),('45', '2', '1.00', '10.00', NULL),('45', '6', '1.00', '25.00', NULL),('45', '9', '1.00', '15.00', NULL),('45', '11', '1.00', '10.00', NULL),('45', '12', '1.00', '5.00', NULL),('46', '2', '4.00', '9.00', NULL),('46', '6', '2.00', '25.00', NULL),('46', '9', '1.00', '15.00', NULL),('46', '11', '2.00', '10.00', NULL),('46', '12', '2.00', '5.00', NULL),('47', '2', '1.00', '9.00', NULL),('47', '7', '1.00', '38.00', NULL),('47', '8', '1.00', '158.00', NULL),('48', '20', '1.00', '270.00', NULL),('49', '17', '1.00', '45.00', NULL),('49', '20', '1.00', '270.00', NULL),('59', '18', '2.40', '10.00', NULL),('59', '14', '1.00', '35.00', NULL),('58', '6', '2.00', '25.00', NULL),('58', '2', '1.00', '9.00', NULL),('59', '2', '8.00', '9.00', NULL),('59', '11', '5.00', '10.00', NULL),('59', '12', '12.00', '6.00', NULL),('60', '18', '10.00', '10.00', NULL),('61', '7', '2.00', '30.00', NULL),('62', '7', '1.00', '30.00', NULL),('62', '9', '1.00', '7.50', NULL),('62', '12', '2.00', '6.00', NULL),('62', '19', '0.50', '16.00', NULL),('62', '23', '1.00', '15.00', NULL),('62', '24', '1.00', '28.00', NULL),('63', '2', '3.00', '11.00', NULL),('63', '6', '1.00', '25.00', NULL),('63', '11', '3.00', '10.00', NULL),('64', '7', '1.00', '30.00', NULL),('64', '12', '2.00', '6.00', NULL),('64', '14', '1.00', '35.00', NULL),('64', '18', '1.00', '10.00', NULL),('64', '19', '0.50', '16.00', NULL),('64', '26', '1.00', '24.00', NULL),('65', '7', '1.00', '30.00', NULL),('65', '12', '2.00', '6.00', NULL),('65', '14', '1.00', '35.00', NULL),('65', '18', '1.00', '10.00', NULL),('65', '19', '0.50', '16.00', NULL),('65', '26', '1.00', '24.00', NULL),('66', '7', '1.00', '30.00', NULL),('66', '12', '2.00', '6.00', NULL),('66', '14', '1.00', '35.00', NULL),('66', '18', '1.00', '10.00', NULL),('66', '19', '0.50', '16.00', NULL),('66', '26', '1.00', '24.00', NULL),('67', '7', '1.00', '30.00', NULL),('67', '12', '2.00', '6.00', NULL),('67', '14', '1.00', '35.00', NULL),('67', '18', '1.00', '10.00', NULL),('67', '19', '0.50', '16.00', NULL),('67', '26', '1.00', '24.00', NULL),('68', '7', '1.00', '30.00', NULL),('68', '12', '2.00', '6.00', NULL),('68', '14', '1.00', '35.00', NULL),('68', '18', '1.00', '10.00', NULL),('68', '19', '0.50', '16.00', NULL),('68', '26', '1.00', '24.00', NULL),('69', '7', '1.00', '30.00', NULL),('69', '12', '2.00', '6.00', NULL),('69', '14', '1.00', '35.00', NULL),('69', '18', '1.00', '10.00', NULL),('69', '19', '0.50', '16.00', NULL),('69', '26', '1.00', '24.00', NULL),('70', '7', '1.00', '30.00', NULL),('70', '12', '2.00', '6.00', NULL),('70', '14', '1.00', '35.00', NULL),('70', '18', '1.00', '10.00', NULL),('70', '19', '0.50', '16.00', NULL),('70', '26', '1.00', '24.00', NULL),('71', '7', '1.00', '30.00', NULL),('71', '12', '2.00', '6.00', NULL),('71', '14', '1.00', '35.00', NULL),('71', '18', '1.00', '10.00', NULL),('71', '19', '0.50', '16.00', NULL),('71', '26', '1.00', '24.00', NULL),('72', '2', '3.00', '11.00', NULL),('72', '6', '4.00', '25.00', NULL),('72', '9', '1.00', '7.50', NULL),('72', '10', '1.00', '28.00', NULL),('72', '11', '1.00', '10.00', NULL),('72', '12', '1.00', '6.00', NULL),('72', '14', '1.00', '35.00', NULL),('72', '17', '1.00', '45.00', NULL),('72', '18', '1.00', '10.00', NULL),('72', '19', '1.00', '16.00', NULL),('72', '22', '1.00', '28.00', NULL),('72', '23', '1.00', '15.00', NULL),('73', '2', '4.00', '11.00', NULL),('73', '6', '5.00', '25.00', NULL),('73', '9', '2.00', '7.50', NULL),('73', '10', '2.00', '28.00', NULL),('73', '11', '2.00', '10.00', NULL),('73', '12', '2.00', '6.00', NULL),('73', '14', '2.00', '35.00', NULL),('73', '17', '2.00', '45.00', NULL),('73', '18', '2.00', '10.00', NULL),('73', '19', '2.00', '16.00', NULL),('73', '22', '2.00', '28.00', NULL),('73', '23', '2.00', '15.00', NULL),('73', '24', '1.00', '28.00', NULL),('73', '26', '1.00', '24.00', NULL),('74', '2', '3.00', '11.00', NULL),('74', '6', '6.00', '25.00', NULL),('74', '9', '3.00', '18.00', NULL),('74', '10', '0.50', '28.00', NULL),('74', '11', '6.00', '10.00', NULL),('74', '12', '26.00', '6.00', NULL),('74', '14', '1.00', '35.00', NULL),('74', '17', '6.00', '45.00', NULL),('74', '18', '8.40', '10.00', NULL),('74', '19', '1.00', '16.00', NULL),('74', '22', '2.50', '28.00', NULL),('74', '23', '2.00', '15.00', NULL),('75', '6', '0.60', '25.00', NULL),('75', '12', '2.00', '5.00', NULL),('75', '22', '0.60', '28.00', NULL),('75', '23', '2.00', '15.00', NULL),('75', '26', '1.00', '24.00', NULL),('76', '7', '1.00', '30.00', NULL),('76', '18', '2.00', '10.00', NULL),('76', '22', '1.00', '28.00', NULL),('76', '26', '1.20', '24.00', NULL),('77', '22', '1.00', '28.00', NULL),('77', '26', '2.00', '24.00', NULL),('78', '10', '1.00', '28.00', NULL),('78', '11', '2.00', '10.00', NULL),('78', '12', '2.00', '5.00', NULL),('79', '11', '5.00', '10.00', NULL),('79', '12', '3.00', '5.00', NULL),('80', '2', '1.00', '11.00', NULL),('80', '6', '1.00', '25.00', NULL),('81', '12', '3.00', '5.00', NULL),('82', '2', '4.00', '11.00', NULL),('82', '10', '1.00', '28.00', NULL),('82', '11', '4.00', '10.00', NULL),('82', '12', '2.00', '5.00', NULL),('82', '14', '1.00', '35.00', NULL),('83', '2', '4.00', '11.00', NULL),('83', '10', '1.00', '28.00', NULL),('83', '11', '4.00', '10.00', NULL),('83', '12', '2.00', '5.00', NULL),('83', '14', '1.00', '35.00', NULL),('84', '2', '3.00', '11.00', NULL),('84', '6', '1.00', '25.00', NULL),('84', '7', '1.00', '30.00', NULL),('84', '10', '1.00', '28.00', NULL),('84', '11', '3.00', '10.00', NULL),('84', '12', '3.00', '5.00', NULL),('84', '14', '1.00', '35.00', NULL),('84', '21', '1.00', '38.00', NULL),('84', '22', '1.00', '28.00', NULL),('84', '23', '2.00', '15.00', NULL),('85', '2', '2.00', '11.00', NULL),('85', '12', '2.00', '5.00', NULL),('85', '19', '0.50', '16.00', NULL),('85', '22', '0.60', '28.00', NULL),('85', '26', '1.10', '24.00', NULL),('86', '2', '2.00', '11.00', NULL),('86', '6', '1.00', '25.00', NULL),('86', '7', '1.00', '30.00', NULL),('86', '10', '0.50', '28.00', NULL),('86', '11', '2.00', '10.00', NULL),('86', '18', '0.90', '10.00', NULL),('86', '19', '1.00', '16.00', NULL),('87', '11', '4.00', '10.00', NULL),('87', '12', '6.00', '5.00', NULL),('87', '19', '2.00', '16.00', NULL),('87', '21', '1.00', '38.00', NULL),('87', '24', '1.00', '35.00', NULL),('87', '26', '1.00', '24.00', NULL),('88', '11', '4.00', '10.00', NULL),('88', '12', '7.00', '5.00', NULL),('88', '19', '2.00', '16.00', NULL),('88', '21', '1.00', '38.00', NULL),('88', '22', '1.70', '28.00', NULL),('88', '24', '1.00', '35.00', NULL),('89', '11', '4.00', '10.00', NULL),('89', '12', '7.00', '5.00', NULL),('89', '19', '2.00', '16.00', NULL),('89', '21', '1.00', '38.00', NULL),('89', '22', '1.70', '28.00', NULL),('89', '24', '1.00', '35.00', NULL),('90', '11', '4.00', '10.00', NULL),('90', '12', '6.00', '5.00', NULL),('90', '19', '2.00', '16.00', NULL),('90', '21', '1.00', '38.00', NULL),('90', '22', '1.70', '24.00', NULL),('90', '24', '1.00', '35.00', NULL),('91', '27', '4.00', '12.00', NULL),('92', '27', '4.00', '12.00', NULL),('93', '11', '5.00', '10.00', NULL),('94', '2', '4.00', '10.00', NULL),('94', '11', '4.00', '10.00', NULL),('94', '12', '2.00', '5.00', NULL),('95', '7', '6.00', '15.00', NULL),('95', '12', '2.00', '5.00', NULL),('95', '29', '0.50', '23.00', NULL),('95', '30', '2.00', '12.00', NULL),('95', '32', '1.00', '13.00', NULL),('96', '2', '6.00', '10.00', NULL),('96', '9', '2.50', '18.00', NULL),('97', '12', '8.00', '5.00', NULL),('97', '22', '4.30', '24.00', NULL),('97', '32', '1.80', '13.00', NULL),('98', '2', '6.00', '10.00', NULL),('98', '7', '2.00', '35.00', NULL),('98', '9', '3.00', '18.00', NULL),('98', '18', '2.80', '10.00', NULL),('99', '2', '5.00', '10.00', NULL),('99', '9', '1.70', '18.00', NULL),('99', '28', '1.00', '20.00', NULL),('100', '2', '6.00', '10.00', NULL),('100', '30', '5.00', '12.00', NULL),('101', '27', '3.30', '12.00', NULL),('101', '28', '1.00', '20.00', NULL),('102', '27', '11.20', '12.00', NULL),('103', '27', '5.00', '12.00', NULL),('104', '2', '9.00', '10.00', NULL),('104', '9', '3.10', '18.00', NULL),('104', '18', '2.10', '10.00', NULL),('105', '2', '2.00', '10.00', NULL),('105', '6', '1.38', '25.00', NULL),('105', '9', '0.90', '18.00', NULL),('105', '12', '2.00', '5.00', NULL),('105', '18', '1.00', '10.00', NULL),('105', '29', '0.58', '23.00', NULL),('105', '32', '1.40', '13.00', NULL),('106', '2', '2.00', '10.00', NULL),('106', '6', '1.00', '25.00', NULL),('106', '7', '1.00', '35.00', NULL),('106', '9', '1.00', '18.00', NULL),('106', '11', '2.00', '10.00', NULL),('106', '12', '2.00', '5.00', NULL),('106', '18', '1.00', '10.00', NULL),('106', '22', '1.18', '24.00', NULL),('106', '29', '0.50', '23.00', NULL),('107', '2', '2.00', '10.00', NULL),('107', '6', '1.00', '25.00', NULL),('107', '7', '1.00', '35.00', NULL),('107', '9', '1.00', '18.00', NULL),('107', '11', '2.00', '10.00', NULL),('107', '12', '2.00', '5.00', NULL),('107', '18', '1.00', '10.00', NULL),('107', '22', '1.18', '24.00', NULL),('107', '29', '0.50', '23.00', NULL),('108', '2', '2.00', '10.00', NULL),('108', '6', '1.00', '25.00', NULL),('108', '7', '1.00', '35.00', NULL),('108', '9', '1.00', '18.00', NULL),('108', '11', '2.00', '10.00', NULL),('108', '12', '2.00', '5.00', NULL),('108', '18', '1.00', '10.00', NULL),('108', '22', '1.18', '24.00', NULL),('108', '29', '0.50', '23.00', NULL),('109', '2', '2.00', '10.00', NULL),('109', '6', '1.00', '25.00', NULL),('109', '7', '1.00', '35.00', NULL),('109', '9', '1.00', '18.00', NULL),('109', '11', '2.00', '10.00', NULL),('109', '12', '2.00', '5.00', NULL),('109', '18', '1.00', '10.00', NULL),('109', '22', '1.18', '24.00', NULL),('109', '29', '0.50', '23.00', NULL),('110', '2', '2.00', '10.00', NULL),('110', '6', '1.00', '25.00', NULL),('110', '7', '1.00', '35.00', NULL),('110', '9', '1.00', '18.00', NULL),('110', '11', '2.00', '10.00', NULL),('110', '12', '2.00', '5.00', NULL),('110', '18', '1.00', '10.00', NULL),('110', '22', '1.18', '24.00', NULL),('110', '29', '0.50', '23.00', NULL),('111', '2', '2.00', '10.00', NULL),('111', '6', '1.00', '25.00', NULL),('111', '7', '1.00', '35.00', NULL),('111', '9', '1.00', '18.00', NULL),('111', '11', '2.00', '10.00', NULL),('111', '12', '2.00', '5.00', NULL),('111', '18', '1.00', '10.00', NULL),('111', '22', '1.18', '24.00', NULL),('111', '29', '0.50', '23.00', NULL),('112', '2', '2.00', '10.00', NULL),('112', '6', '1.00', '25.00', NULL),('112', '7', '1.00', '35.00', NULL),('112', '9', '1.00', '18.00', NULL),('112', '11', '2.00', '10.00', NULL),('112', '12', '2.00', '5.00', NULL),('112', '18', '1.00', '10.00', NULL),('112', '22', '1.18', '24.00', NULL),('112', '29', '0.50', '23.00', NULL),('113', '2', '5.00', '10.00', NULL),('113', '9', '2.00', '18.00', NULL),('114', '2', '5.00', '10.00', NULL),('114', '9', '2.00', '18.00', NULL),('115', '2', '5.00', '10.00', NULL),('115', '9', '2.00', '18.00', NULL),('116', '2', '4.00', '10.00', NULL),('116', '7', '1.00', '35.00', NULL),('116', '11', '2.00', '10.00', NULL),('116', '12', '2.00', '5.00', NULL),('116', '18', '1.00', '10.00', NULL),('116', '22', '1.10', '24.00', NULL),('116', '30', '1.00', '12.00', NULL),('117', '11', '5.00', '10.00', NULL),('118', '2', '4.00', '10.00', NULL),('118', '7', '1.00', '35.00', NULL),('118', '12', '4.00', '5.00', NULL),('118', '22', '1.48', '24.00', NULL),('118', '30', '1.00', '12.00', NULL),('119', '27', '8.20', '12.00', NULL),('120', '27', '8.20', '12.00', NULL),('121', '18', '10.00', '10.00', NULL),('122', '18', '10.00', '10.00', NULL),('123', '9', '10.00', '18.00', NULL),('123', '12', '10.00', '5.00', NULL),('124', '6', '1.00', '25.00', NULL),('124', '9', '2.00', '18.00', NULL),('124', '12', '5.00', '5.00', NULL),('124', '32', '2.00', '13.00', NULL),('125', '9', '2.80', '15.00', NULL),('125', '12', '5.00', '5.00', NULL),('125', '32', '1.70', '13.00', NULL),('126', '9', '3.00', '15.00', NULL),('126', '11', '2.00', '8.00', NULL),('126', '12', '6.00', '5.00', NULL),('127', '2', '4.00', '10.00', NULL),('127', '9', '1.50', '15.00', NULL),('127', '11', '4.00', '8.00', NULL),('128', '2', '10.00', '10.00', NULL),('128', '9', '3.30', '15.00', NULL),('128', '12', '10.00', '5.00', NULL),('129', '12', '5.00', '5.00', NULL),('130', '12', '5.00', '5.00', NULL),('131', '27', '6.00', '12.00', NULL),('132', '11', '5.00', '8.00', NULL),('133', '9', '2.00', '15.00', NULL),('133', '11', '5.00', '8.00', NULL),('134', '9', '3.00', '15.00', NULL),('134', '11', '5.00', '8.00', NULL),('134', '12', '5.00', '5.00', NULL),('135', '9', '3.00', '15.00', NULL),('135', '11', '5.00', '8.00', NULL),('135', '12', '5.00', '5.00', NULL),('136', '9', '3.00', '15.00', NULL),('136', '11', '5.00', '8.00', NULL),('136', '12', '5.00', '5.00', NULL),('137', '9', '1.00', '15.00', NULL),('137', '27', '1.00', '12.00', NULL),('137', '30', '1.00', '12.00', NULL),('138', '9', '1.00', '15.00', NULL),('138', '27', '1.00', '12.00', NULL),('138', '30', '1.00', '12.00', NULL),('139', '9', '1.00', '15.00', NULL),('139', '27', '1.00', '12.00', NULL),('139', '30', '1.00', '12.00', NULL),('140', '9', '1.00', '15.00', NULL),('140', '27', '1.00', '12.00', NULL),('140', '30', '1.00', '12.00', NULL),('141', '9', '0.70', '15.00', NULL),('141', '12', '2.00', '5.00', NULL),('141', '18', '0.50', '10.00', NULL),('141', '23', '1.00', '13.00', NULL),('141', '29', '0.50', '10.00', NULL),('141', '30', '1.00', '12.00', NULL),('141', '32', '0.70', '13.00', NULL),('141', '34', '0.90', '20.00', NULL),('141', '35', '0.60', '30.00', NULL),('142', '9', '0.70', '15.00', NULL),('142', '12', '2.00', '5.00', NULL),('142', '18', '0.50', '10.00', NULL),('142', '23', '1.00', '13.00', NULL),('142', '29', '0.50', '10.00', NULL),('142', '30', '1.00', '12.00', NULL),('142', '32', '0.70', '13.00', NULL),('142', '34', '0.90', '20.00', NULL),('142', '35', '0.60', '30.00', NULL),('143', '29', '6.00', '10.00', NULL),('144', '27', '4.00', '12.00', NULL),('145', '12', '10.00', '5.00', NULL),('145', '20', '1.00', '230.00', NULL),('145', '36', '3.00', '20.00', NULL),('146', '27', '6.20', '12.00', NULL),('146', '28', '1.00', '20.00', NULL),('147', '7', '1.00', '35.00', NULL),('147', '29', '1.00', '10.00', NULL),('148', '15', '1.00', '189.00', NULL),('148', '29', '1.00', '10.00', NULL),('149', '7', '1.00', '35.00', NULL),('149', '29', '1.00', '10.00', NULL),('150', '33', '1.00', '4.00', NULL),('150', '34', '1.00', '20.00', NULL),('151', '9', '2.20', '15.00', NULL),('151', '23', '3.00', '13.00', NULL),('151', '36', '2.30', '20.00', NULL),('152', '31', '1.00', '30.00', NULL),('153', '9', '10.70', '15.00', NULL),('153', '11', '20.00', '8.00', NULL),('153', '30', '2.00', '12.00', NULL),('153', '38', '25.00', '8.00', NULL),('154', '38', '8.00', '8.00', NULL),('155', '38', '8.00', '8.00', NULL),('156', '9', '3.00', '15.00', NULL),('156', '11', '2.00', '8.00', NULL),('156', '33', '3.00', '4.00', NULL),('156', '38', '5.00', '8.00', NULL),('157', '2', '5.00', '10.00', NULL),('157', '12', '5.00', '5.00', NULL),('158', '11', '10.00', '8.00', NULL),('158', '38', '2.00', '8.00', NULL),('159', '38', '6.00', '8.00', NULL),('160', '2', '10.00', '10.00', NULL),('160', '9', '3.40', '15.00', NULL),('160', '38', '10.00', '8.00', NULL),('161', '2', '2.00', '10.00', NULL),('161', '29', '10.00', '10.00', NULL),('162', '7', '1.00', '35.00', NULL),('162', '30', '1.00', '12.00', NULL),('162', '31', '1.00', '30.00', NULL),('162', '37', '2.00', '5.00', NULL),('163', '23', '10.00', '10.00', NULL),('164', '23', '10.00', '10.00', NULL),('165', '7', '2.00', '30.00', NULL),('165', '38', '5.00', '8.00', NULL),('166', '2', '12.00', '10.00', NULL),('166', '11', '6.00', '8.00', NULL),('166', '23', '6.00', '10.00', NULL),('166', '35', '3.70', '30.00', NULL),('166', '38', '6.00', '8.00', NULL),('167', '15', '1.00', '199.00', NULL),('168', '11', '1.00', '8.00', NULL),('169', '7', '1.00', '35.00', NULL),('169', '11', '2.00', '8.00', NULL);
/* SYNC TABLE : `OrderItems` */

/* SYNC TABLE : `PackageDetailItems` */

/* SYNC TABLE : `PackageItems` */

/* SYNC TABLE : `PriceHistoryItems` */

/* SYNC TABLE : `ProductCommentItems` */

/* SYNC TABLE : `ProductImageItems` */

insert into `sq_gladtao`.`ProductImageItems`(`ImageID`, `ProductID`, `MimeType`, `ImageUrl`, `Description`, `ForLogo`, `ADDTIME`) values ('1', '1', 'image/jpeg', '1_0.jpg', '', '1', '2015-04-30 16:31:43'),('15', '8', 'image/jpeg', '8_0.jpg', '', '1', '2015-05-05 10:07:20'),('397', '10', 'image/jpeg', '10_7.jpg', '', '1', '2015-06-03 09:49:25'),('4', '3', 'image/jpeg', '3_0.jpg', '', '1', '2015-04-30 16:36:09'),('5', '4', 'image/jpeg', '4_0.jpg', '', '1', '2015-04-30 16:36:21'),('6', '5', 'image/jpeg', '5_0.jpg', '', '1', '2015-04-30 16:36:29'),('362', '7', 'image/jpeg', '7_5.jpg', '', '0', '2015-06-02 15:23:53'),('176', '9', 'image/jpeg', '9_1.jpg', '', '0', '2015-05-18 15:08:08'),('325', '6', 'image/jpeg', '6_1.jpg', '', '1', '2015-06-01 16:55:13'),('207', '11', 'image/jpeg', '11_5.jpg', '', '0', '2015-05-18 15:20:12'),('276', '2', 'image/jpeg', '2_1.jpg', '', '0', '2015-05-21 11:15:36'),('277', '2', 'image/jpeg', '2_2.jpg', '', '0', '2015-05-21 11:15:40'),('278', '2', 'image/jpeg', '2_3.jpg', '', '0', '2015-05-21 11:15:51'),('162', '6', 'image/jpeg', '6_4.jpg', '', '0', '2015-05-18 09:58:16'),('288', '21', 'image/jpeg', '21_2.jpg', '', '0', '2015-05-22 17:13:46'),('163', '6', 'image/jpeg', '6_5.jpg', '', '0', '2015-05-18 09:58:21'),('287', '21', 'image/jpeg', '21_1.jpg', '', '0', '2015-05-22 17:13:43'),('220', '17', 'image/jpeg', '17_0.jpg', '', '1', '2015-05-19 09:59:08'),('363', '7', 'image/jpeg', '7_6.jpg', '', '0', '2015-06-02 15:23:56'),('286', '21', 'image/jpeg', '21_0.jpg', '', '1', '2015-05-22 17:13:40'),('160', '6', 'image/jpeg', '6_2.jpg', '', '0', '2015-05-18 09:58:08'),('161', '6', 'image/jpeg', '6_3.jpg', '', '0', '2015-05-18 09:58:12'),('213', '12', 'image/jpeg', '12_2.jpg', '', '0', '2015-05-18 15:22:32'),('190', '10', 'image/jpeg', '10_6.jpg', '', '0', '2015-05-18 15:12:55'),('212', '12', 'image/jpeg', '12_1.jpg', '', '0', '2015-05-18 15:22:26'),('396', '2', 'image/jpeg', '2_4.jpg', '', '1', '2015-06-03 09:47:13'),('206', '11', 'image/jpeg', '11_4.jpg', '', '0', '2015-05-18 15:20:06'),('204', '11', 'image/jpeg', '11_2.jpg', '', '0', '2015-05-18 15:19:59'),('205', '11', 'image/jpeg', '11_3.jpg', '', '0', '2015-05-18 15:20:03'),('334', '27', 'image/jpeg', '27_0.jpg', '', '1', '2015-06-02 15:15:55'),('95', '1', 'image/jpeg', '1_1.jpg', '', '0', '2015-05-08 15:09:26'),('96', '1', 'image/jpeg', '1_2.jpg', '', '0', '2015-05-08 15:09:41'),('97', '1', 'image/jpeg', '1_3.jpg', '', '0', '2015-05-08 15:09:53'),('98', '1', 'image/jpeg', '1_4.jpg', '', '0', '2015-05-08 15:10:14'),('99', '1', 'image/jpeg', '1_5.jpg', '', '0', '2015-05-08 15:10:29'),('178', '9', 'image/jpeg', '9_3.jpg', '', '0', '2015-05-18 15:08:16'),('101', '4', 'image/jpeg', '4_2.jpg', '', '0', '2015-05-08 15:16:37'),('102', '4', 'image/jpeg', '4_3.jpg', '', '0', '2015-05-08 15:17:12'),('103', '4', 'image/jpeg', '4_4.jpg', '', '0', '2015-05-08 15:17:44'),('104', '4', 'image/jpeg', '4_5.jpg', '', '0', '2015-05-08 15:17:53'),('105', '4', 'image/jpeg', '4_6.jpg', '', '0', '2015-05-08 15:18:09'),('177', '9', 'image/jpeg', '9_2.jpg', '', '0', '2015-05-18 15:08:12'),('108', '8', 'image/jpeg', '8_1.jpg', '', '0', '2015-05-08 15:26:17'),('109', '8', 'image/jpeg', '8_2.jpg', '', '0', '2015-05-08 15:26:44'),('189', '10', 'image/jpeg', '10_5.jpg', '', '0', '2015-05-18 15:12:52'),('188', '10', 'image/jpeg', '10_4.jpg', '', '0', '2015-05-18 15:12:49'),('187', '10', 'image/jpeg', '10_3.jpg', '', '0', '2015-05-18 15:12:46'),('186', '10', 'image/jpeg', '10_2.jpg', '', '0', '2015-05-18 15:12:41'),('185', '10', 'image/jpeg', '10_1.jpg', '', '0', '2015-05-18 15:12:38'),('517', '15', 'image/jpeg', '15_0.jpg', '', '0', '2015-06-17 15:17:19'),('118', '13', 'image/jpeg', '13_0.jpg', '', '1', '2015-05-08 15:36:38'),('119', '13', 'image/jpeg', '13_1.jpg', '', '0', '2015-05-08 15:37:13'),('120', '13', 'image/jpeg', '13_2.jpg', '', '0', '2015-05-08 15:37:52'),('121', '13', 'image/jpeg', '13_3.jpg', '', '0', '2015-05-08 15:38:08'),('333', '9', 'image/jpeg', '9_0.jpg', '', '1', '2015-06-01 17:08:51'),('267', '14', 'image/jpeg', '14_7.jpg', '', '0', '2015-05-19 15:48:03'),('264', '14', 'image/jpeg', '14_4.jpg', '', '0', '2015-05-19 15:47:52'),('265', '14', 'image/jpeg', '14_5.jpg', '', '0', '2015-05-19 15:47:55'),('266', '14', 'image/jpeg', '14_6.jpg', '', '0', '2015-05-19 15:47:59'),('441', '33', 'image/jpeg', '33_0.jpg', '', '1', '2015-06-10 14:51:49'),('132', '16', 'image/jpeg', '16_0.jpg', '', '1', '2015-05-10 09:39:33'),('392', '11', 'image/jpeg', '11_0.jpg', '', '1', '2015-06-02 19:51:27'),('203', '11', 'image/jpeg', '11_1.jpg', '', '0', '2015-05-18 15:19:56'),('164', '6', 'image/jpeg', '6_6.jpg', '', '0', '2015-05-18 09:58:25'),('165', '6', 'image/jpeg', '6_7.jpg', '', '0', '2015-05-18 09:58:28'),('361', '7', 'image/jpeg', '7_4.jpg', '', '0', '2015-06-02 15:23:51'),('358', '7', 'image/jpeg', '7_1.jpg', '', '0', '2015-06-02 15:23:26'),('359', '7', 'image/jpeg', '7_2.jpg', '', '0', '2015-06-02 15:23:42'),('360', '7', 'image/jpeg', '7_3.jpg', '', '0', '2015-06-02 15:23:47'),('208', '11', 'image/jpeg', '11_6.jpg', '', '0', '2015-05-18 15:20:15'),('180', '9', 'image/jpeg', '9_5.jpg', '', '0', '2015-05-18 15:08:27'),('181', '9', 'image/jpeg', '9_6.jpg', '', '0', '2015-05-18 15:08:30'),('182', '9', 'image/jpeg', '9_7.jpg', '', '0', '2015-05-18 15:08:32'),('183', '9', 'image/jpeg', '9_8.jpg', '', '0', '2015-05-18 15:08:35'),('209', '11', 'image/jpeg', '11_7.jpg', '', '0', '2015-05-18 15:20:18'),('210', '11', 'image/jpeg', '11_8.jpg', '', '0', '2015-05-18 15:20:23'),('215', '12', 'image/jpeg', '12_4.jpg', '', '0', '2015-05-18 15:22:40'),('216', '12', 'image/jpeg', '12_5.jpg', '', '0', '2015-05-18 15:22:43'),('217', '12', 'image/jpeg', '12_6.jpg', '', '0', '2015-05-18 15:22:47'),('218', '12', 'image/jpeg', '12_7.jpg', '', '0', '2015-05-18 15:22:51'),('219', '12', 'image/jpeg', '12_8.jpg', '', '0', '2015-05-18 15:22:54'),('221', '17', 'image/jpeg', '17_1.jpg', '', '0', '2015-05-19 09:59:12'),('222', '17', 'image/jpeg', '17_2.jpg', '', '0', '2015-05-19 09:59:15'),('223', '17', 'image/jpeg', '17_3.jpg', '', '0', '2015-05-19 09:59:18'),('224', '17', 'image/jpeg', '17_4.jpg', '', '0', '2015-05-19 09:59:22'),('225', '17', 'image/jpeg', '17_5.jpg', '', '0', '2015-05-19 09:59:26'),('226', '17', 'image/jpeg', '17_6.jpg', '', '0', '2015-05-19 09:59:28'),('227', '17', 'image/jpeg', '17_7.jpg', '', '0', '2015-05-19 09:59:33'),('228', '17', 'image/jpeg', '17_8.jpg', '', '0', '2015-05-19 09:59:36'),('229', '17', 'image/jpeg', '17_9.jpg', '', '0', '2015-05-19 09:59:38'),('230', '17', 'image/jpeg', '17_10.jpg', '', '0', '2015-05-19 09:59:41'),('268', '14', 'image/jpeg', '14_8.jpg', '', '0', '2015-05-19 15:48:07'),('389', '18', 'image/jpeg', '18_0.jpg', '', '1', '2015-06-02 19:45:11'),('244', '18', 'image/jpeg', '18_4.jpg', '', '0', '2015-05-19 11:02:20'),('243', '18', 'image/jpeg', '18_3.jpg', '', '0', '2015-05-19 11:02:17'),('242', '18', 'image/jpeg', '18_2.jpg', '', '0', '2015-05-19 11:02:14'),('241', '18', 'image/jpeg', '18_1.jpg', '', '0', '2015-05-19 11:02:11'),('245', '18', 'image/jpeg', '18_5.jpg', '', '0', '2015-05-19 11:02:24'),('246', '19', 'image/jpeg', '19_0.jpg', '', '1', '2015-05-19 11:17:23'),('247', '19', 'image/jpeg', '19_1.jpg', '', '0', '2015-05-19 11:17:28'),('248', '19', 'image/jpeg', '19_2.jpg', '', '0', '2015-05-19 11:17:33'),('249', '19', 'image/jpeg', '19_3.jpg', '', '0', '2015-05-19 11:17:35'),('250', '19', 'image/jpeg', '19_4.jpg', '', '0', '2015-05-19 11:17:39'),('263', '14', 'image/jpeg', '14_3.jpg', '', '0', '2015-05-19 15:47:48'),('262', '14', 'image/jpeg', '14_2.jpg', '', '0', '2015-05-19 15:47:46'),('261', '14', 'image/jpeg', '14_1.jpg', '', '0', '2015-05-19 15:44:45'),('260', '14', 'image/jpeg', '14_0.jpg', '', '1', '2015-05-19 15:44:37'),('269', '14', 'image/jpeg', '14_9.jpg', '', '0', '2015-05-19 15:48:11'),('270', '14', 'image/jpeg', '14_10.jpg', '', '0', '2015-05-19 15:48:14'),('271', '20', 'image/jpeg', '20_0.jpg', '', '1', '2015-05-20 11:17:06'),('272', '20', 'image/jpeg', '20_1.jpg', '', '0', '2015-05-20 11:17:09'),('273', '20', 'image/jpeg', '20_2.jpg', '', '0', '2015-05-20 11:17:12'),('274', '20', 'image/jpeg', '20_3.jpg', '', '0', '2015-05-20 11:17:14'),('289', '21', 'image/jpeg', '21_3.jpg', '', '0', '2015-05-22 17:13:48'),('290', '21', 'image/jpeg', '21_4.jpg', '', '0', '2015-05-22 17:13:51'),('291', '21', 'image/jpeg', '21_5.jpg', '', '0', '2015-05-22 17:13:54'),('292', '21', 'image/jpeg', '21_6.jpg', '', '0', '2015-05-22 17:13:56'),('293', '21', 'image/jpeg', '21_7.jpg', '', '0', '2015-05-22 17:13:58'),('294', '21', 'image/jpeg', '21_8.jpg', '', '0', '2015-05-22 17:14:01'),('295', '21', 'image/jpeg', '21_9.jpg', '', '0', '2015-05-22 17:14:03'),('296', '21', 'image/jpeg', '21_10.jpg', '', '0', '2015-05-22 17:14:06'),('299', '22', 'image/jpeg', '22_1.jpg', '', '0', '2015-05-22 17:15:26'),('300', '22', 'image/jpeg', '22_2.jpg', '', '0', '2015-05-22 17:15:27'),('301', '22', 'image/jpeg', '22_3.jpg', '', '0', '2015-05-22 17:15:30'),('302', '24', 'image/jpeg', '24_0.jpg', '', '1', '2015-05-22 17:16:35'),('303', '24', 'image/jpeg', '24_1.jpg', '', '0', '2015-05-22 17:16:38'),('304', '24', 'image/jpeg', '24_2.jpg', '', '0', '2015-05-22 17:16:41'),('305', '24', 'image/jpeg', '24_3.jpg', '', '0', '2015-05-22 17:16:43'),('306', '24', 'image/jpeg', '24_4.jpg', '', '0', '2015-05-22 17:16:45'),('307', '24', 'image/jpeg', '24_5.jpg', '', '0', '2015-05-22 17:16:49'),('308', '26', 'image/jpeg', '26_0.jpg', '', '1', '2015-05-22 17:17:36'),('309', '26', 'image/jpeg', '26_1.jpg', '', '0', '2015-05-22 17:17:39'),('310', '26', 'image/jpeg', '26_2.jpg', '', '0', '2015-05-22 17:17:41'),('311', '26', 'image/jpeg', '26_3.jpg', '', '0', '2015-05-22 17:17:43'),('312', '26', 'image/jpeg', '26_4.jpg', '', '0', '2015-05-22 17:17:46'),('313', '26', 'image/jpeg', '26_5.jpg', '', '0', '2015-05-22 17:17:48'),('314', '26', 'image/jpeg', '26_6.jpg', '', '0', '2015-05-22 17:17:51'),('315', '26', 'image/jpeg', '26_7.jpg', '', '0', '2015-05-22 17:17:53'),('509', '23', 'image/jpeg', '23_4.jpg', '', '0', '2015-06-16 16:27:40'),('498', '23', 'image/jpeg', '23_1.jpg', '', '0', '2015-06-16 16:24:45'),('518', '15', 'image/jpeg', '15_1.jpg', '', '0', '2015-06-17 15:17:25'),('519', '15', 'image/jpeg', '15_2.jpg', '', '1', '2015-06-17 15:17:32'),('335', '27', 'image/jpeg', '27_1.jpg', '', '0', '2015-06-02 15:16:01'),('336', '27', 'image/jpeg', '27_2.jpg', '', '0', '2015-06-02 15:16:04'),('337', '27', 'image/jpeg', '27_3.jpg', '', '0', '2015-06-02 15:16:08'),('338', '27', 'image/jpeg', '27_4.jpg', '', '0', '2015-06-02 15:16:12'),('339', '27', 'image/jpeg', '27_5.jpg', '', '0', '2015-06-02 15:16:15'),('340', '27', 'image/jpeg', '27_6.jpg', '', '0', '2015-06-02 15:16:18'),('341', '27', 'image/jpeg', '27_7.jpg', '', '0', '2015-06-02 15:16:35'),('342', '27', 'image/jpeg', '27_8.jpg', '', '0', '2015-06-02 15:16:46'),('343', '27', 'image/jpeg', '27_9.jpg', '', '0', '2015-06-02 15:16:52'),('344', '27', 'image/jpeg', '27_10.jpg', '', '0', '2015-06-02 15:16:58'),('345', '27', 'image/jpeg', '27_11.jpg', '', '0', '2015-06-02 15:17:02'),('346', '27', 'image/jpeg', '27_12.jpg', '', '0', '2015-06-02 15:17:40'),('347', '27', 'image/jpeg', '27_13.jpg', '', '0', '2015-06-02 15:17:44'),('348', '27', 'image/jpeg', '27_14.jpg', '', '0', '2015-06-02 15:18:04'),('349', '27', 'image/jpeg', '27_12.jpg', '', '0', '2015-06-02 15:17:32'),('357', '7', 'image/jpeg', '7_0.jpg', '', '1', '2015-06-02 15:23:22'),('436', '22', 'image/jpeg', '22_4.jpg', '', '1', '2015-06-04 10:31:03'),('431', '28', 'image/jpeg', '28_3.jpg', '', '0', '2015-06-04 10:20:17'),('430', '28', 'image/jpeg', '28_2.jpg', '', '0', '2015-06-04 10:20:11'),('429', '28', 'image/jpeg', '28_1.jpg', '', '0', '2015-06-04 10:20:09'),('442', '33', 'image/jpeg', '33_1.jpg', '', '0', '2015-06-10 14:51:54'),('443', '33', 'image/jpeg', '33_2.jpg', '', '0', '2015-06-10 14:51:57'),('419', '29', 'image/jpeg', '29_1.jpg', '', '0', '2015-06-04 09:56:16'),('467', '30', 'image/jpeg', '30_1.jpg', '', '0', '2015-06-12 10:38:28'),('468', '30', 'image/jpeg', '30_2.jpg', '', '0', '2015-06-12 10:38:33'),('471', '29', 'image/png', '29_0.png', '', '1', '2015-06-12 10:42:59'),('412', '31', 'image/jpeg', '31_1.jpg', '', '0', '2015-06-04 09:38:54'),('510', '23', 'image/jpeg', '23_5.jpg', '', '0', '2015-06-16 16:27:43'),('420', '29', 'image/jpeg', '29_2.jpg', '', '0', '2015-06-04 09:56:18'),('379', '32', 'image/jpeg', '32_0.jpg', '', '1', '2015-06-02 16:43:56'),('380', '32', 'image/jpeg', '32_1.jpg', '', '0', '2015-06-02 16:44:02'),('381', '32', 'image/jpeg', '32_2.jpg', '', '0', '2015-06-02 16:44:05'),('382', '32', 'image/jpeg', '32_3.jpg', '', '0', '2015-06-02 16:44:07'),('383', '32', 'image/jpeg', '32_4.jpg', '', '0', '2015-06-02 16:44:10'),('384', '32', 'image/jpeg', '32_5.jpg', '', '0', '2015-06-02 16:44:13'),('385', '32', 'image/jpeg', '32_6.jpg', '', '0', '2015-06-02 16:44:16'),('386', '32', 'image/jpeg', '32_7.jpg', '', '0', '2015-06-02 16:44:18'),('387', '32', 'image/jpeg', '32_8.jpg', '', '0', '2015-06-02 16:44:21'),('388', '32', 'image/jpeg', '32_9.jpg', '', '0', '2015-06-02 16:44:24'),('395', '12', 'image/jpeg', '12_3.jpg', '', '1', '2015-06-03 09:45:02'),('513', '23', 'image/png', '23_0.png', '', '1', '2015-06-16 16:33:10'),('466', '30', 'image/jpeg', '30_0.jpg', '', '1', '2015-06-12 10:38:24'),('413', '31', 'image/jpeg', '31_2.jpg', '', '0', '2015-06-04 09:38:57'),('414', '31', 'image/jpeg', '31_3.jpg', '', '0', '2015-06-04 09:38:59'),('415', '31', 'image/jpeg', '31_4.jpg', '', '0', '2015-06-04 09:39:03'),('416', '31', 'image/jpeg', '31_5.jpg', '', '0', '2015-06-04 09:39:06'),('427', '28', 'image/jpeg', '28_6.jpg', '', '1', '2015-06-04 10:11:57'),('421', '29', 'image/jpeg', '29_3.jpg', '', '0', '2015-06-04 09:56:22'),('422', '29', 'image/jpeg', '29_4.jpg', '', '0', '2015-06-04 09:56:24'),('423', '29', 'image/jpeg', '29_5.jpg', '', '0', '2015-06-04 09:56:27'),('424', '29', 'image/jpeg', '29_6.jpg', '', '0', '2015-06-04 09:56:31'),('473', '38', 'image/jpeg', '38_1.jpg', '', '0', '2015-06-14 16:02:14'),('426', '31', 'image/jpeg', '31_0.jpg', '', '1', '2015-06-04 10:02:54'),('444', '33', 'image/jpeg', '33_3.jpg', '', '0', '2015-06-10 14:52:00'),('445', '33', 'image/jpeg', '33_4.jpg', '', '0', '2015-06-10 14:52:03'),('446', '33', 'image/jpeg', '33_5.jpg', '', '0', '2015-06-10 14:52:08'),('447', '34', 'image/jpeg', '34_0.jpg', '', '1', '2015-06-10 15:24:27'),('448', '34', 'image/jpeg', '34_1.jpg', '', '0', '2015-06-10 15:24:30'),('449', '34', 'image/jpeg', '34_2.jpg', '', '0', '2015-06-10 15:24:33'),('450', '34', 'image/jpeg', '34_3.jpg', '', '0', '2015-06-10 15:24:35'),('451', '34', 'image/jpeg', '34_4.jpg', '', '0', '2015-06-10 15:24:39'),('452', '34', 'image/jpeg', '34_5.jpg', '', '0', '2015-06-10 15:24:42'),('453', '34', 'image/jpeg', '34_6.jpg', '', '0', '2015-06-10 15:24:45'),('454', '34', 'image/jpeg', '34_7.jpg', '', '0', '2015-06-10 15:24:47'),('455', '35', 'image/jpeg', '35_0.jpg', '', '1', '2015-06-11 10:21:06'),('456', '35', 'image/jpeg', '35_1.jpg', '', '0', '2015-06-11 10:21:07'),('457', '35', 'image/jpeg', '35_2.jpg', '', '0', '2015-06-11 10:21:11'),('458', '35', 'image/jpeg', '35_3.jpg', '', '0', '2015-06-11 10:21:13'),('459', '35', 'image/jpeg', '35_4.jpg', '', '0', '2015-06-11 10:21:16'),('460', '35', 'image/jpeg', '35_5.jpg', '', '0', '2015-06-11 10:21:19'),('461', '36', 'image/jpeg', '36_0.jpg', '', '1', '2015-06-11 10:23:46'),('462', '36', 'image/jpeg', '36_1.jpg', '', '0', '2015-06-11 10:23:55'),('463', '36', 'image/jpeg', '36_2.jpg', '', '0', '2015-06-11 10:23:58'),('464', '36', 'image/jpeg', '36_3.jpg', '', '0', '2015-06-11 10:24:00'),('465', '36', 'image/jpeg', '36_4.jpg', '', '0', '2015-06-11 10:24:02'),('469', '30', 'image/jpeg', '30_3.jpg', '', '0', '2015-06-12 10:38:38'),('470', '30', 'image/jpeg', '30_4.jpg', '', '0', '2015-06-12 10:38:41'),('474', '38', 'image/jpeg', '38_2.jpg', '', '0', '2015-06-14 16:02:19'),('475', '38', 'image/jpeg', '38_3.jpg', '', '0', '2015-06-14 16:02:22'),('476', '38', 'image/jpeg', '38_4.jpg', '', '0', '2015-06-14 16:02:26'),('478', '37', 'image/jpeg', '37_0.jpg', '', '1', '2015-06-14 16:23:48'),('520', '38', 'image/jpeg', '38_0.jpg', '', '1', '2015-06-17 15:27:53'),('480', '37', 'image/jpeg', '37_2.jpg', '', '0', '2015-06-14 16:24:00'),('481', '37', 'image/jpeg', '37_3.jpg', '', '0', '2015-06-14 16:24:02'),('482', '37', 'image/jpeg', '37_4.jpg', '', '0', '2015-06-14 16:24:06'),('483', '37', 'image/jpeg', '37_5.jpg', '', '0', '2015-06-14 16:24:09'),('484', '37', 'image/jpeg', '37_6.jpg', '', '0', '2015-06-14 16:24:12'),('512', '23', 'image/jpeg', '23_7.jpg', '', '0', '2015-06-16 16:27:48'),('511', '23', 'image/jpeg', '23_6.jpg', '', '0', '2015-06-16 16:27:46'),('507', '23', 'image/jpeg', '23_2.jpg', '', '0', '2015-06-16 16:27:34'),('508', '23', 'image/jpeg', '23_3.jpg', '', '0', '2015-06-16 16:27:38'),('521', '39', 'image/jpeg', '39_0.jpg', '', '1', '2015-06-18 11:26:58'),('522', '39', 'image/jpeg', '39_1.jpg', '', '0', '2015-06-18 11:27:01'),('523', '39', 'image/jpeg', '39_2.jpg', '', '0', '2015-06-18 11:27:04'),('524', '39', 'image/jpeg', '39_3.jpg', '', '0', '2015-06-18 11:27:07'),('525', '39', 'image/jpeg', '39_4.jpg', '', '0', '2015-06-18 11:27:10'),('526', '39', 'image/jpeg', '39_5.jpg', '', '0', '2015-06-18 11:27:14');
/* SYNC TABLE : `ProductItems` */

/* SYNC TABLE : `SaledProductItems` */

insert into `sq_gladtao`.`SaledProductItems`(`ProductID`, `Price`, `Discount`, `SpecialFlag`, `SaledPrice`, `SetTop`) values ('38', '8.00', '100', '0', '0.00', '0'),('37', '5.00', '100', '0', '0.00', '0'),('34', '20.00', '100', '0', '0.00', '0'),('8', '158.00', '100', '1', '158.00', '0'),('36', '20.00', '100', '0', '0.00', '0'),('27', '12.00', '100', '0', '0.00', '0'),('33', '4.00', '100', '0', '0.00', '0'),('11', '8.00', '100', '0', '10.00', '0'),('35', '30.00', '100', '0', '0.00', '0'),('18', '10.00', '100', '0', '10.00', '0'),('15', '199.00', '100', '0', '0.00', '1'),('21', '30.00', '100', '1', '38.00', '0'),('23', '10.00', '100', '0', '15.00', '1'),('39', '15.00', '100', '1', '0.00', '0'),('9', '15.00', '100', '1', '0.00', '0'),('7', '35.00', '100', '0', '0.00', '0'),('20', '230.00', '100', '0', '0.00', '0'),('2', '10.00', '100', '0', '0.00', '0'),('30', '12.00', '100', '1', '0.00', '0'),('31', '30.00', '100', '0', '0.00', '0'),('32', '13.00', '100', '0', '0.00', '0');
/* SYNC TABLE : `SendAddressItems` */

insert into `sq_gladtao`.`SendAddressItems`(`UserID`, `Receiver`, `Address`, `Phone`, `PostCode`, `DeliverWay`, `Channel`, `PaymentType`) values ('1', '黄祥东', '罗源县华美小区8-705', '18065911899', NULL, '0', '0', '0'),('2', '离天剑', '罗源县南大新村1#301', '13696881999', NULL, '0', '0', '0'),('4', '于燕金', '罗源县阳光小区10-601', '059126871996', NULL, '0', '0', '0'),('46', '黄祥东', '罗源县华美小区8-705', '18065911899', NULL, '0', '0', '0'),('51', '黄祥东', '罗源县华美小区8-705', '18065911899', NULL, '0', '0', '0'),('74', '活动', '罗源县渡头', '18905011812', NULL, '0', '0', '0'),('89', '黄祥东', '罗源县华美小区8-705', '18065911899', NULL, '0', '0', '0'),('93', '黄祥东', '罗源县华美小区8-705', '18065911899', NULL, '0', '0', '0'),('100', '邱云', '罗源县莲花城东区1号楼一层 永昌建筑', '13859080647', NULL, '0', '0', '0'),('119', '张盈莹', '罗源县水南路6-1-403', '13665090085', NULL, '0', '0', '0'),('99', '吴先生', '罗源县凤山镇九大中心', '13615003188', NULL, '0', '0', '0'),('102', '游宛晶', '罗源县佳美小区', '18105099129', NULL, '0', '0', '0'),('95', '黄文芳', '罗源县县政府大院住建局', '13509318194', NULL, '0', '0', '0'),('117', '客户', '罗源县渡头', '18905011812', NULL, '0', '0', '0'),('96', '邱虹', '罗源县北大路6———007号，艺shi', '13950385525', NULL, '0', '0', '0'),('94', '林莉', '罗源县电力', '13799968808', NULL, '0', '0', '0'),('142', '卓艳华', '罗源县华美小区13#   凤美社区', '13763889005', NULL, '0', '0', '0'),('145', '阮小玲', '罗源县凤美社区', '13860470883', NULL, '0', '0', '0'),('146', '陈琳', '罗源县华美小区13号楼夹层凤美社区', '13515007233', NULL, '0', '0', '0'),('108', '谢晓旭', '罗源县青禾花园20-303', '13338265998', NULL, '0', '0', '0'),('147', '郑凤丹', '罗源县闽星花园10#703', '18859161185', NULL, '0', '0', '0'),('171', '郑小琳', '罗源县余家塘新村125号', '13625030303', NULL, '0', '0', '0');
/* SYNC TABLE : `UserAppendInfoItems` */

/* SYNC TABLE : `UserItems` */

	/*Start of batch : 1 */
INSERT INTO `sq_gladtao`.`UserItems` VALUES ('112', '林德明', NULL, NULL, '2', '2015-05-29 14:29:01', '2', 'oKNh_szMpFgPV9T5Bb5NB8S8QmtA');
INSERT INTO `sq_gladtao`.`UserItems` VALUES ('2', 'admin', 'a3dc6730e05697a771922d44955fb449', 'admin@ledao.com', '0', '2015-05-02 22:27:06', '4', '');
INSERT INTO `sq_gladtao`.`UserItems` VALUES ('3', 'hled', '8ed7f97da2f8f3c86a5ec9980c679640', 'dyiyang@163.com', '0', '2015-05-05 11:09:03', '2', '');
INSERT INTO `sq_gladtao`.`UserItems` VALUES ('4', 'adon', '52ca0a9cceb91428a606031549f5c18e', 'adon_hua@hotmail.com', '0', '2015-05-05 22:32:31', '2', '');
INSERT INTO `sq_gladtao`.`UserItems` VALUES ('46', 'd5TCczYM', NULL, NULL, '2', '2015-05-19 14:21:53', '2', '');
INSERT INTO `sq_gladtao`.`UserItems` VALUES ('48', '3Q75q5H2', NULL, NULL, '2', '2015-05-19 15:03:56', '2', '');
INSERT INTO `sq_gladtao`.`UserItems` VALUES ('49', 'iNKf5RV5', NULL, NULL, '2', '2015-05-20 18:46:55', '2', '');
INSERT INTO `sq_gladtao`.`UserItems` VALUES ('50', 'rL2fKU8q', NULL, NULL, '2', '2015-05-21 10:06:37', '2', '');
INSERT INTO `sq_gladtao`.`UserItems` VALUES ('51', 'e8TYLmKd', NULL, NULL, '2', '2015-05-21 10:57:54', '2', '');
INSERT INTO `sq_gladtao`.`UserItems` VALUES ('52', 'NtrKhVev', NULL, NULL, '2', '2015-05-22 00:26:00', '2', '');
INSERT INTO `sq_gladtao`.`UserItems` VALUES ('53', 'Zz28GCKE', NULL, NULL, '2', '2015-05-22 17:22:34', '2', '');
INSERT INTO `sq_gladtao`.`UserItems` VALUES ('54', 'UpQakzD4', NULL, NULL, '2', '2015-05-22 17:22:37', '2', '');
INSERT INTO `sq_gladtao`.`UserItems` VALUES ('55', 'ukRi3ixc', NULL, NULL, '2', '2015-05-23 05:44:20', '2', '');
INSERT INTO `sq_gladtao`.`UserItems` VALUES ('56', 'Tkvs26mn', NULL, NULL, '2', '2015-05-23 05:44:41', '2', '');
INSERT INTO `sq_gladtao`.`UserItems` VALUES ('57', 'LQV4G7E9', NULL, NULL, '2', '2015-05-23 06:52:58', '2', '');
INSERT INTO `sq_gladtao`.`UserItems` VALUES ('58', 'aNbY3agb', NULL, NULL, '2', '2015-05-23 23:37:20', '2', '');
INSERT INTO `sq_gladtao`.`UserItems` VALUES ('59', 'yFT2znnE', NULL, NULL, '2', '2015-05-23 23:37:20', '2', '');
INSERT INTO `sq_gladtao`.`UserItems` VALUES ('60', '9FA6zqR5', NULL, NULL, '2', '2015-05-24 08:55:49', '2', '');
INSERT INTO `sq_gladtao`.`UserItems` VALUES ('61', 'y66FbxGE', NULL, NULL, '2', '2015-05-24 10:00:31', '2', '');
INSERT INTO `sq_gladtao`.`UserItems` VALUES ('62', 'EVTxBU9g', NULL, NULL, '2', '2015-05-24 10:15:58', '2', '');
INSERT INTO `sq_gladtao`.`UserItems` VALUES ('63', '9M3Tq8aC', NULL, NULL, '2', '2015-05-24 10:16:46', '2', '');
INSERT INTO `sq_gladtao`.`UserItems` VALUES ('64', 'tLCUEMrU', NULL, NULL, '2', '2015-05-24 12:06:56', '2', '');
INSERT INTO `sq_gladtao`.`UserItems` VALUES ('65', 'JtP4XSm2', NULL, NULL, '2', '2015-05-24 17:54:53', '2', '');
INSERT INTO `sq_gladtao`.`UserItems` VALUES ('66', '5dR3NThp', NULL, NULL, '2', '2015-05-24 19:45:56', '2', '');
INSERT INTO `sq_gladtao`.`UserItems` VALUES ('67', 'Gt7Vx7PA', NULL, NULL, '2', '2015-05-24 20:28:51', '2', '');
INSERT INTO `sq_gladtao`.`UserItems` VALUES ('68', '5Cmy5V92', NULL, NULL, '2', '2015-05-24 20:28:57', '2', '');
INSERT INTO `sq_gladtao`.`UserItems` VALUES ('69', 'E8Whfetq', NULL, NULL, '2', '2015-05-24 20:29:11', '2', '');
INSERT INTO `sq_gladtao`.`UserItems` VALUES ('70', 'AbXkqhXJ', NULL, NULL, '2', '2015-05-24 20:32:38', '2', '');
INSERT INTO `sq_gladtao`.`UserItems` VALUES ('71', 'CpnkQDxM', NULL, NULL, '2', '2015-05-24 20:32:47', '2', '');
INSERT INTO `sq_gladtao`.`UserItems` VALUES ('72', 'Nn9uEW6h', NULL, NULL, '2', '2015-05-24 21:35:52', '2', '');
INSERT INTO `sq_gladtao`.`UserItems` VALUES ('73', 'eZxP69hC', NULL, NULL, '2', '2015-05-24 22:33:57', '2', '');
INSERT INTO `sq_gladtao`.`UserItems` VALUES ('74', 'PHkk6yLy', NULL, NULL, '2', '2015-05-25 11:12:01', '2', '');
INSERT INTO `sq_gladtao`.`UserItems` VALUES ('75', 'kyt38K4a', NULL, NULL, '2', '2015-05-25 11:16:39', '2', '');
INSERT INTO `sq_gladtao`.`UserItems` VALUES ('76', 'dsbbUwet', NULL, NULL, '2', '2015-05-25 12:59:02', '2', '');
INSERT INTO `sq_gladtao`.`UserItems` VALUES ('77', 'C8VFnEvK', NULL, NULL, '2', '2015-05-25 14:21:53', '2', '');
INSERT INTO `sq_gladtao`.`UserItems` VALUES ('78', 'nyqATcvZ', NULL, NULL, '2', '2015-05-25 14:50:22', '2', '');
INSERT INTO `sq_gladtao`.`UserItems` VALUES ('79', 'bny5dhxY', NULL, NULL, '2', '2015-05-25 15:55:35', '2', '');
INSERT INTO `sq_gladtao`.`UserItems` VALUES ('80', 'tdB6j9xs', NULL, NULL, '2', '2015-05-25 16:02:56', '2', '');
INSERT INTO `sq_gladtao`.`UserItems` VALUES ('81', 'D3R8MekQ', NULL, NULL, '2', '2015-05-25 17:00:15', '2', '');
INSERT INTO `sq_gladtao`.`UserItems` VALUES ('82', 'dSPHvCqa', NULL, NULL, '2', '2015-05-25 17:00:26', '2', '');
INSERT INTO `sq_gladtao`.`UserItems` VALUES ('83', '7kaF8iqu', NULL, NULL, '2', '2015-05-25 21:04:10', '2', '');
INSERT INTO `sq_gladtao`.`UserItems` VALUES ('84', 'b77Zvxm7', NULL, NULL, '2', '2015-05-25 21:15:52', '2', '');
INSERT INTO `sq_gladtao`.`UserItems` VALUES ('85', 'cR2vCXDY', NULL, NULL, '2', '2015-05-25 22:59:23', '2', '');
INSERT INTO `sq_gladtao`.`UserItems` VALUES ('86', 'day4PkXP', NULL, NULL, '2', '2015-05-27 00:40:29', '2', '');
INSERT INTO `sq_gladtao`.`UserItems` VALUES ('87', 'L6t7WGWN', NULL, NULL, '2', '2015-05-27 03:29:49', '2', '');
INSERT INTO `sq_gladtao`.`UserItems` VALUES ('93', '阿东', NULL, NULL, '2', '2015-05-27 14:24:52', '2', 'oKNh_s-bBRedHPr_SAZDVkEBV_SI');
INSERT INTO `sq_gladtao`.`UserItems` VALUES ('94', '乐道果童', NULL, NULL, '2', '2015-05-27 14:27:58', '2', 'oKNh_s6zUPM5B8mSbuy7nAKjs0lE');
INSERT INTO `sq_gladtao`.`UserItems` VALUES ('95', '欢喜一申', NULL, NULL, '2', '2015-05-27 16:39:49', '2', 'oKNh_s569UF6smtqb5JVJrMe6fBg');
INSERT INTO `sq_gladtao`.`UserItems` VALUES ('96', '虹', NULL, NULL, '2', '2015-05-27 16:41:59', '2', 'oKNh_s2Cy-soeYJk_hS3qgEYc82s');
INSERT INTO `sq_gladtao`.`UserItems` VALUES ('97', 'guohui', NULL, NULL, '2', '2015-05-27 16:49:12', '2', 'oKNh_s8dPByUYGyzgOUEBe3vx9Dg');
INSERT INTO `sq_gladtao`.`UserItems` VALUES ('98', ' 艳', NULL, NULL, '2', '2015-05-28 00:52:29', '2', 'oKNh_s8t4hcT7EWAfERatq2UEYEQ');
INSERT INTO `sq_gladtao`.`UserItems` VALUES ('99', '深冬的暖阳', NULL, NULL, '2', '2015-05-28 10:14:15', '2', 'oKNh_szvHhx8OyLsaockJuurCflA');
INSERT INTO `sq_gladtao`.`UserItems` VALUES ('100', 'QY', NULL, NULL, '2', '2015-05-28 10:48:54', '2', 'oKNh_s_ohbJUcOnq5NTtpu1JLVIQ');
INSERT INTO `sq_gladtao`.`UserItems` VALUES ('101', '凤', NULL, NULL, '2', '2015-05-28 14:49:14', '2', 'oKNh_s2NgSms_Ki1m1oyCpoUHU5s');
INSERT INTO `sq_gladtao`.`UserItems` VALUES ('102', '逸思', NULL, NULL, '2', '2015-05-28 15:25:23', '2', 'oKNh_s2Fy8ItR7OrBTwrdhoM5ZjY');
INSERT INTO `sq_gladtao`.`UserItems` VALUES ('103', '娅儿', NULL, NULL, '2', '2015-05-28 15:47:28', '2', 'oKNh_s8mYh-L6vcpCbHCsJNqcAuk');
INSERT INTO `sq_gladtao`.`UserItems` VALUES ('104', '亦复如是.', NULL, NULL, '2', '2015-05-28 16:36:26', '2', 'oKNh_s3xv2QrKJjLkb4QOdpU4b50');
INSERT INTO `sq_gladtao`.`UserItems` VALUES ('105', '沈莹', NULL, NULL, '2', '2015-05-28 16:51:07', '2', 'oKNh_s9kC2D6_Hoby7LX5mq1AQuI');
INSERT INTO `sq_gladtao`.`UserItems` VALUES ('106', '杨锦云', NULL, NULL, '2', '2015-05-28 18:03:24', '2', 'oKNh_s6YpwVU6GFRW0m4PpXEz6sk');
INSERT INTO `sq_gladtao`.`UserItems` VALUES ('107', '罗源湾之窗陈韶华', NULL, NULL, '2', '2015-05-29 10:06:17', '2', 'oKNh_s-CN5jVsjBaAlaUTK6RxySI');
INSERT INTO `sq_gladtao`.`UserItems` VALUES ('108', '旭~日:-)升', NULL, NULL, '2', '2015-05-29 11:32:59', '2', 'oKNh_sxUiBDillrj4aMalvMkx09Y');
INSERT INTO `sq_gladtao`.`UserItems` VALUES ('109', '吉吉', NULL, NULL, '2', '2015-05-29 12:01:45', '2', 'oKNh_swwU978LqAXnhTjFT2iCB6Y');
INSERT INTO `sq_gladtao`.`UserItems` VALUES ('110', '黄珊', NULL, NULL, '2', '2015-05-29 12:52:10', '2', 'oKNh_s4mFHCyEqXPQksU4_SPujKs');
INSERT INTO `sq_gladtao`.`UserItems` VALUES ('111', '泅夏若纱', NULL, NULL, '2', '2015-05-29 13:01:25', '2', 'oKNh_s4wfE_Gu1DIYk8F7pMxxNp0');
INSERT INTO `sq_gladtao`.`UserItems` VALUES ('175', '琳', NULL, NULL, '2', '2015-06-17 17:50:25', '2', 'oKNh_s3EAH0ZcVlbu3UxDmufalMs');
INSERT INTO `sq_gladtao`.`UserItems` VALUES ('113', '发吧～安迪', NULL, NULL, '2', '2015-05-29 17:39:47', '2', 'oKNh_s3Wx-FixGBtOQ-rOsRZ-P_s');
INSERT INTO `sq_gladtao`.`UserItems` VALUES ('114', '云淡风轻', NULL, NULL, '2', '2015-05-29 19:27:36', '2', 'oKNh_s8pFp-MqGV8NckC5sLp4swg');
INSERT INTO `sq_gladtao`.`UserItems` VALUES ('115', '罗源湾之窗', NULL, NULL, '2', '2015-05-30 01:56:34', '2', 'oKNh_s_M4cH3janF2o7e_x0zMCMs');
INSERT INTO `sq_gladtao`.`UserItems` VALUES ('116', '了（婚礼影像）', NULL, NULL, '2', '2015-05-30 13:48:30', '2', 'oKNh_s4ihmSaZThs-dYRLAv9wWqg');
INSERT INTO `sq_gladtao`.`UserItems` VALUES ('117', '转身遇见', NULL, NULL, '2', '2015-05-31 13:37:03', '2', 'oKNh_syQaQk_yfMe5YzDRov7SRjg');
INSERT INTO `sq_gladtao`.`UserItems` VALUES ('118', '一立', NULL, NULL, '2', '2015-05-31 16:55:14', '2', 'oKNh_s2LjL8WLLInDtZQRrvzn9jU');
INSERT INTO `sq_gladtao`.`UserItems` VALUES ('119', '亲爱的莹', NULL, NULL, '2', '2015-06-02 16:40:07', '2', 'oKNh_s8YZ4ME6452VSSAOsPhAmvA');
INSERT INTO `sq_gladtao`.`UserItems` VALUES ('120', '迦楼罗', NULL, NULL, '2', '2015-06-04 16:18:39', '2', 'oKNh_s4qX_N1BrX_edfPBCC9maqQ');
INSERT INTO `sq_gladtao`.`UserItems` VALUES ('121', '浩', NULL, NULL, '2', '2015-06-05 09:43:16', '2', 'oKNh_s-5C9g9E8YaWVKjXVmvgltI');
INSERT INTO `sq_gladtao`.`UserItems` VALUES ('122', 'RAINBOW', NULL, NULL, '2', '2015-06-05 10:55:25', '2', 'oKNh_s7X8sXzDR3q5zE7cWggPEvo');
INSERT INTO `sq_gladtao`.`UserItems` VALUES ('123', '泰@哥', NULL, NULL, '2', '2015-06-05 12:25:49', '2', 'oKNh_s5rdgod_i6ICtzBISyk3odQ');
INSERT INTO `sq_gladtao`.`UserItems` VALUES ('124', '离天剑', NULL, NULL, '2', '2015-06-05 15:35:10', '2', 'oKNh_s_AbLlPqXjddwyFTlon1GKU');
INSERT INTO `sq_gladtao`.`UserItems` VALUES ('125', '兵心依旧', NULL, NULL, '2', '2015-06-05 15:42:49', '2', 'oKNh_s5xKwjE0LKJwSQDNGjejYA8');
INSERT INTO `sq_gladtao`.`UserItems` VALUES ('126', 'Kenner', NULL, NULL, '2', '2015-06-06 16:23:33', '2', 'oKNh_syabbatW7nfxGPP6twKMCYU');
INSERT INTO `sq_gladtao`.`UserItems` VALUES ('127', '雨淋霖', NULL, NULL, '2', '2015-06-06 18:04:37', '2', 'oKNh_sxVW6KCl6Zn8VcGVniuQLZQ');
INSERT INTO `sq_gladtao`.`UserItems` VALUES ('128', '黄丰(水果君品牌)', NULL, NULL, '2', '2015-06-06 22:03:50', '2', 'oKNh_s4xMXr9AeSNY8rlaGM9h3ts');
INSERT INTO `sq_gladtao`.`UserItems` VALUES ('129', '不变的话…', NULL, NULL, '2', '2015-06-07 12:47:28', '2', 'oKNh_s5tQm5pvaASueRVVZ3vYiEE');
INSERT INTO `sq_gladtao`.`UserItems` VALUES ('130', NULL, NULL, NULL, '2', '2015-06-07 15:33:57', '2', 'oKNh_s-PsUaPZzUMuVctozh2uGn4');
INSERT INTO `sq_gladtao`.`UserItems` VALUES ('131', '走心', NULL, NULL, '2', '2015-06-07 16:46:41', '2', 'oKNh_s_o9iLz-oSNCOPqtgnZLkgs');
INSERT INTO `sq_gladtao`.`UserItems` VALUES ('132', '艾小玛', NULL, NULL, '2', '2015-06-08 10:04:04', '2', 'oKNh_s28m79s8gGnGNcPM-nWkXJM');
INSERT INTO `sq_gladtao`.`UserItems` VALUES ('133', '风过无痕', NULL, NULL, '2', '2015-06-08 20:35:38', '2', 'oKNh_szayepG2laX1NR6W5mxEEo4');
INSERT INTO `sq_gladtao`.`UserItems` VALUES ('134', '依依不舍', NULL, NULL, '2', '2015-06-08 22:05:16', '2', 'oKNh_s2ZFq0rOBax6O86H9ZhyULs');
INSERT INTO `sq_gladtao`.`UserItems` VALUES ('135', '蚂蚁战大象', NULL, NULL, '2', '2015-06-09 09:06:43', '2', 'oKNh_s9TQp8zvPbCW_h0uxR4li2A');
INSERT INTO `sq_gladtao`.`UserItems` VALUES ('136', '云淡风清', NULL, NULL, '2', '2015-06-09 13:30:00', '2', 'oKNh_s51i6m3aMpnfEBaTpsSCq7U');
INSERT INTO `sq_gladtao`.`UserItems` VALUES ('137', 'cly', NULL, NULL, '2', '2015-06-09 18:27:20', '2', 'oKNh_syNlPi8yx1t2bmS7jZnYA54');
INSERT INTO `sq_gladtao`.`UserItems` VALUES ('138', 'ww', NULL, NULL, '2', '2015-06-09 18:43:40', '2', 'oKNh_s6o-0_NvLUASLeg7xZHGzYo');
INSERT INTO `sq_gladtao`.`UserItems` VALUES ('139', '瞿', NULL, NULL, '2', '2015-06-10 10:35:23', '2', 'oKNh_syiUIWCQMXhliIK0F-9vBS8');
INSERT INTO `sq_gladtao`.`UserItems` VALUES ('140', '古月云', NULL, NULL, '2', '2015-06-10 10:42:03', '2', 'oKNh_s23hBtOOFQQjRALC5Z1HrBw');
INSERT INTO `sq_gladtao`.`UserItems` VALUES ('141', 'super•man', NULL, NULL, '2', '2015-06-10 11:35:13', '2', 'oKNh_s0aRLQZclDIrD-LkEenSoJY');
INSERT INTO `sq_gladtao`.`UserItems` VALUES ('142', '默默', NULL, NULL, '2', '2015-06-10 12:16:08', '2', 'oKNh_sxaszFmBGHEH7VK9nFykZI0');
INSERT INTO `sq_gladtao`.`UserItems` VALUES ('143', '往事随风', NULL, NULL, '2', '2015-06-10 12:49:53', '2', 'oKNh_s_FZcAYb5BEbKKbBvi4VwFk');
INSERT INTO `sq_gladtao`.`UserItems` VALUES ('144', 'amylin', NULL, NULL, '2', '2015-06-10 13:27:00', '2', 'oKNh_s9_ZFDen9q64JRtGCtfcg8U');
INSERT INTO `sq_gladtao`.`UserItems` VALUES ('145', '叮当', NULL, NULL, '2', '2015-06-10 15:33:30', '2', 'oKNh_s30ifVtld3X0M8QDoCK2X-c');
INSERT INTO `sq_gladtao`.`UserItems` VALUES ('146', ' ', NULL, NULL, '2', '2015-06-10 15:47:24', '2', 'oKNh_s882PLbx2TAUgeYEb7Jr9NI');
INSERT INTO `sq_gladtao`.`UserItems` VALUES ('147', '蓝天', NULL, NULL, '2', '2015-06-10 16:09:11', '2', 'oKNh_s9hp-IERBWSVTmmlpbwqaGk');
INSERT INTO `sq_gladtao`.`UserItems` VALUES ('148', ' 6⃣3⃣', NULL, NULL, '2', '2015-06-10 22:01:32', '2', 'oKNh_s8OY7VEsAJO4x6UTqdTJdOA');
INSERT INTO `sq_gladtao`.`UserItems` VALUES ('149', '郑晓', NULL, NULL, '2', '2015-06-10 23:53:17', '2', 'oKNh_swYeOVCo2jwRz_hgaa9pgZE');
INSERT INTO `sq_gladtao`.`UserItems` VALUES ('150', '冰蓝', NULL, NULL, '2', '2015-06-11 05:25:38', '2', 'oKNh_s8VcSAcY40wX42Wi2wyYRgg');
INSERT INTO `sq_gladtao`.`UserItems` VALUES ('151', '砺剑', NULL, NULL, '2', '2015-06-11 05:36:52', '2', 'oKNh_s4XDDK2kcI5x8cFZvlecg4I');
INSERT INTO `sq_gladtao`.`UserItems` VALUES ('152', '晓岚', NULL, NULL, '2', '2015-06-11 11:14:37', '2', 'oKNh_s_lVUErEK8TnBDnzSEwH2Eg');
INSERT INTO `sq_gladtao`.`UserItems` VALUES ('153', 'Misdeluko', NULL, NULL, '2', '2015-06-11 12:33:08', '2', 'oKNh_swVbBOn7vErn9ua0vbNYmB8');
INSERT INTO `sq_gladtao`.`UserItems` VALUES ('154', '@沩鉨(wo)菰単', NULL, NULL, '2', '2015-06-12 11:05:45', '2', 'oKNh_s2i3XVerUSSKeKosjXWJtg4');
INSERT INTO `sq_gladtao`.`UserItems` VALUES ('155', '郑', NULL, NULL, '2', '2015-06-12 14:42:17', '2', 'oKNh_s3JWD9caXZn5xx9B8GJhMIo');
INSERT INTO `sq_gladtao`.`UserItems` VALUES ('156', '红', NULL, NULL, '2', '2015-06-12 17:09:17', '2', 'oKNh_s7obD4D01ignk6syzMGyoI0');
INSERT INTO `sq_gladtao`.`UserItems` VALUES ('157', '木木草笠', NULL, NULL, '2', '2015-06-12 17:10:49', '2', 'oKNh_s0ddVb2bBi1IWjhq0rFqTrQ');
INSERT INTO `sq_gladtao`.`UserItems` VALUES ('158', '江湖夜雨十年灯', NULL, NULL, '2', '2015-06-12 17:38:30', '2', 'oKNh_s5vm9_UerePOebE_X_i7seU');
INSERT INTO `sq_gladtao`.`UserItems` VALUES ('159', '健康', NULL, NULL, '2', '2015-06-12 18:16:27', '2', 'oKNh_s6TWFMM1ggfmRc6QjWYMqs8');
INSERT INTO `sq_gladtao`.`UserItems` VALUES ('160', 'salty宋', NULL, NULL, '2', '2015-06-12 22:42:03', '2', 'oKNh_s9v9BC80LVoetRSRmjKCT9Q');
INSERT INTO `sq_gladtao`.`UserItems` VALUES ('161', '银河太空水', NULL, NULL, '2', '2015-06-13 02:22:20', '2', 'oKNh_s4wj-RKWczFsrM-logS4K74');
INSERT INTO `sq_gladtao`.`UserItems` VALUES ('162', NULL, NULL, NULL, '2', '2015-06-13 13:55:18', '2', 'oKNh_s9v3ikL5OV2sydkr3mktlbE');
INSERT INTO `sq_gladtao`.`UserItems` VALUES ('163', '郑继军', NULL, NULL, '2', '2015-06-13 19:37:20', '2', 'oKNh_sxo36nWGdMnrHqFWzlO9mAo');
INSERT INTO `sq_gladtao`.`UserItems` VALUES ('164', '快乐随心', NULL, NULL, '2', '2015-06-14 11:19:34', '2', 'oKNh_s7_SJQnkN28qXImfbM_0Leo');
INSERT INTO `sq_gladtao`.`UserItems` VALUES ('165', '西雅', NULL, NULL, '2', '2015-06-14 17:37:20', '2', 'oKNh_s18gUIyvSLCDnGsV2iki-yo');
INSERT INTO `sq_gladtao`.`UserItems` VALUES ('166', '善水', NULL, NULL, '2', '2015-06-14 21:00:42', '2', 'oKNh_s5Ef70W0hG-kUcuColSSuaw');
INSERT INTO `sq_gladtao`.`UserItems` VALUES ('167', '猪猪', NULL, NULL, '2', '2015-06-15 11:08:27', '2', 'oKNh_s5sY5Y6IR1KaFm32fpmTviU');
INSERT INTO `sq_gladtao`.`UserItems` VALUES ('168', '济生游子', NULL, NULL, '2', '2015-06-15 11:29:58', '2', 'oKNh_sy9Mq99mc3alCWUz_YdX13s');
INSERT INTO `sq_gladtao`.`UserItems` VALUES ('169', '郑小玲', NULL, NULL, '2', '2015-06-16 15:25:24', '2', 'oKNh_s53ZmDk8TtVLltImL7gWLEU');
INSERT INTO `sq_gladtao`.`UserItems` VALUES ('170', 'Sunny', NULL, NULL, '2', '2015-06-16 15:35:10', '2', 'oKNh_s4dIQ0Pzi6NIh3EZrML-51M');
INSERT INTO `sq_gladtao`.`UserItems` VALUES ('171', '漫舞樱花（郑晓琳）', NULL, NULL, '2', '2015-06-17 08:29:21', '2', 'oKNh_s7GTAkGXWqCOlRSsE0gesas');
INSERT INTO `sq_gladtao`.`UserItems` VALUES ('172', '震', NULL, NULL, '2', '2015-06-17 10:39:03', '2', 'oKNh_syrSPdmjNkiiXedxocL9gDg');
INSERT INTO `sq_gladtao`.`UserItems` VALUES ('173', 'vironica', NULL, NULL, '2', '2015-06-17 11:44:53', '2', 'oKNh_sxeV5-nxv9zFLwC2r4nNOKE');
INSERT INTO `sq_gladtao`.`UserItems` VALUES ('174', '江萍', NULL, NULL, '2', '2015-06-17 15:22:01', '2', 'oKNh_s2bMQ8C7RvK4UXfu-lfltOo');
	/*End   of batch : 1 */
/* SYNC TABLE : `UserPointItems` */

insert into `sq_gladtao`.`UserPointItems`(`AutoID`, `UserID`, `PointAmount`, `PointType`, `TransTime`, `Remark`) values ('60', '117', '177', '1', '2015-06-07 15:49:17', ''),('6', '2', '100', '1', '2015-05-23 15:05:37', ''),('7', '2', '60', '1', '2015-05-24 10:11:02', ''),('8', '2', '100', '1', '2015-05-24 15:02:14', ''),('9', '51', '88', '1', '2015-05-24 16:00:19', ''),('59', '117', '177', '1', '2015-06-07 15:49:15', ''),('58', '117', '177', '1', '2015-06-07 15:49:13', ''),('57', '117', '177', '1', '2015-06-07 15:49:08', ''),('56', '117', '177', '1', '2015-06-07 15:49:07', ''),('55', '117', '122', '1', '2015-06-07 15:42:53', ''),('54', '2', '166', '1', '2015-06-07 09:59:55', ''),('53', '93', '59', '1', '2015-06-06 14:16:31', ''),('52', '95', '120', '1', '2015-06-06 13:30:41', ''),('51', '2', '100', '1', '2015-06-06 12:27:46', ''),('19', '2', '333', '1', '2015-05-25 11:02:18', ''),('20', '2', '-333', '3', '2015-05-25 11:02:22', ''),('21', '2', '622', '1', '2015-05-25 11:03:25', ''),('22', '2', '-622', '3', '2015-05-25 11:03:32', ''),('23', '74', '972', '1', '2015-05-25 11:20:08', ''),('24', '2', '95', '1', '2015-05-26 10:25:24', ''),('50', '2', '212', '1', '2015-06-06 09:43:42', ''),('49', '2', '148', '1', '2015-06-03 16:49:07', ''),('48', '117', '90', '1', '2015-06-03 11:55:24', ''),('47', '95', '50', '1', '2015-06-02 17:12:52', ''),('46', '119', '-48', '3', '2015-06-02 17:04:21', ''),('30', '89', '36', '1', '2015-05-27 11:21:51', ''),('31', '89', '-36', '3', '2015-05-27 11:22:03', ''),('32', '93', '15', '1', '2015-05-27 14:25:41', ''),('33', '93', '-15', '3', '2015-05-27 14:25:49', ''),('34', '100', '157', '1', '2015-05-28 11:01:53', ''),('35', '2', '157', '1', '2015-05-28 11:20:44', ''),('36', '99', '292', '1', '2015-05-29 09:01:17', ''),('45', '119', '48', '1', '2015-06-02 16:53:57', ''),('44', '119', '48', '1', '2015-06-02 16:53:55', ''),('39', '102', '199', '1', '2015-05-31 20:51:04', ''),('40', '2', '227', '1', '2015-06-01 09:31:56', ''),('41', '2', '227', '1', '2015-06-01 09:31:58', ''),('42', '2', '215', '1', '2015-06-01 09:54:02', ''),('43', '102', '-199', '3', '2015-06-01 10:12:03', ''),('61', '117', '177', '1', '2015-06-07 15:49:20', ''),('62', '117', '177', '1', '2015-06-07 15:49:23', ''),('63', '117', '-177', '3', '2015-06-07 15:49:27', ''),('64', '117', '-177', '3', '2015-06-07 15:49:36', ''),('65', '117', '-177', '3', '2015-06-07 15:49:40', ''),('66', '117', '-177', '3', '2015-06-07 15:49:46', ''),('67', '117', '-177', '3', '2015-06-07 15:50:06', ''),('68', '96', '86', '1', '2015-06-09 10:01:17', ''),('69', '96', '86', '1', '2015-06-09 10:01:19', ''),('70', '96', '86', '1', '2015-06-09 10:01:41', ''),('71', '96', '-86', '3', '2015-06-09 10:04:36', ''),('72', '96', '-86', '3', '2015-06-09 10:04:47', ''),('73', '94', '153', '1', '2015-06-09 10:42:34', ''),('74', '95', '50', '1', '2015-06-09 16:06:43', ''),('75', '117', '142', '1', '2015-06-09 17:27:23', ''),('76', '117', '100', '1', '2015-06-10 11:29:48', ''),('77', '117', '-100', '3', '2015-06-10 11:30:40', ''),('78', '117', '100', '1', '2015-06-10 11:31:32', ''),('79', '142', '230', '1', '2015-06-10 12:18:43', ''),('80', '145', '112', '1', '2015-06-10 15:52:38', ''),('81', '145', '-112', '3', '2015-06-10 16:00:13', ''),('82', '94', '89', '1', '2015-06-10 16:19:14', ''),('83', '146', '91', '1', '2015-06-11 08:59:04', ''),('84', '117', '94', '1', '2015-06-11 09:53:51', ''),('85', '117', '199', '1', '2015-06-11 10:06:47', ''),('86', '117', '25', '1', '2015-06-11 11:20:31', ''),('87', '117', '25', '1', '2015-06-11 11:20:36', ''),('88', '117', '-25', '3', '2015-06-11 11:20:54', ''),('89', '108', '40', '1', '2015-06-12 10:51:56', ''),('90', '108', '70', '1', '2015-06-12 10:53:37', ''),('91', '108', '110', '1', '2015-06-12 10:55:19', ''),('92', '108', '110', '1', '2015-06-12 10:55:22', ''),('93', '108', '110', '1', '2015-06-12 10:55:25', ''),('94', '147', '39', '1', '2015-06-12 11:07:02', ''),('95', '147', '39', '1', '2015-06-12 11:07:33', ''),('96', '147', '39', '1', '2015-06-12 11:07:35', ''),('97', '147', '39', '1', '2015-06-12 11:07:47', ''),('98', '147', '-39', '3', '2015-06-12 11:20:21', ''),('99', '147', '-39', '3', '2015-06-12 11:20:27', ''),('100', '147', '-39', '3', '2015-06-12 11:20:33', ''),('101', '108', '-110', '3', '2015-06-12 11:20:46', ''),('102', '108', '-70', '3', '2015-06-12 11:20:57', ''),('103', '108', '-40', '3', '2015-06-12 11:21:02', ''),('104', '2', '100', '1', '2015-06-12 16:16:34', ''),('105', '2', '100', '1', '2015-06-12 16:16:39', ''),('106', '2', '-100', '3', '2015-06-12 16:16:50', ''),('107', '2', '60', '1', '2015-06-12 17:20:10', ''),('108', '93', '48', '1', '2015-06-13 11:16:58', ''),('109', '95', '340', '1', '2015-06-13 13:31:34', ''),('110', '93', '199', '1', '2015-06-13 21:19:33', ''),('111', '93', '-199', '3', '2015-06-13 21:19:41', ''),('112', '93', '45', '1', '2015-06-13 21:20:26', ''),('113', '93', '-45', '3', '2015-06-13 21:20:35', ''),('114', '93', '24', '1', '2015-06-13 22:06:08', ''),('115', '93', '-24', '3', '2015-06-13 22:06:46', ''),('116', '108', '544', '1', '2015-06-14 18:58:54', ''),('117', '2', '64', '1', '2015-06-15 09:53:11', ''),('118', '2', '-64', '3', '2015-06-15 09:53:26', ''),('119', '2', '64', '1', '2015-06-15 09:54:37', ''),('120', '142', '113', '1', '2015-06-15 11:07:39', ''),('121', '142', '75', '1', '2015-06-15 14:54:42', ''),('122', '117', '96', '1', '2015-06-15 16:48:46', ''),('123', '117', '48', '1', '2015-06-15 16:49:25', ''),('124', '117', '231', '1', '2015-06-16 10:10:49', ''),('125', '117', '120', '1', '2015-06-16 15:14:58', ''),('126', '171', '87', '1', '2015-06-17 08:35:42', ''),('127', '94', '100', '1', '2015-06-17 08:59:53', ''),('128', '94', '100', '1', '2015-06-17 09:02:33', ''),('129', '94', '-100', '3', '2015-06-17 09:05:51', ''),('130', '117', '100', '1', '2015-06-17 09:41:32', ''),('131', '117', '387', '1', '2015-06-17 10:51:04', ''),('132', '146', '199', '1', '2015-06-17 15:06:16', '');
/* SYNC TABLE : `VendorItems` */

insert into `sq_gladtao`.`VendorItems`(`VendorID`, `VendorName`, `Address`, `ContactName`, `VendorUrl`, `VendorEmail`, `VendorPhone`, `RecordTime`, `Evaluation`, `ExtContent`) values ('1', '福州水果君', '福州省电影院', '黄丰', '福州省电影院', NULL, '18959128111', '0001-01-01 00:00:00', NULL, NULL);

COMMIT;
/*!40101 SET SQL_MODE=@OLD_SQL_MODE */;
/*!40014 SET FOREIGN_KEY_CHECKS=@OLD_FOREIGN_KEY_CHECKS */;
/*!40014 SET UNIQUE_CHECKS=@OLD_UNIQUE_CHECKS */;
/*!40111 SET SQL_NOTES=@OLD_SQL_NOTES */;
